Time [s],Packet ID,MOSI,MISO
5.807705500000000,0,0x4E,0x00
5.807855125000000,0,0x00,0x01
5.809185375000000,1,0xCE,0x00
5.809274125000000,1,0x09,0x01
5.810600125000000,2,0x4E,0x00
5.810752375000000,2,0x00,0x01
5.812116500000000,,0x4F,0x00
5.812266125000000,,0x00,0x90
