Time [s],Packet ID,MOSI,MISO
10.173195750000000,0,0x4E,0x00
10.173483875000001,0,0x00,0x01
10.173925375000000,1,0x4E,0x00
10.174691375000000,2,0x4E,0x00
10.174979374999999,2,0x00,0x01
10.175398250000001,3,0x4F,0x00
10.175686250000000,3,0x00,0x00
